Algorithm,Accuracy,Precision,Recall,F1-Score
kNN,0.9138112170680459,0.9119622757217096,0.9138112170680459,0.911876830497273
